Group,Subject,Rew,Block,Phase,Opt
-1,1,-1,0,1,0.17
-1,1,-1,1,1,0.25
-1,1,-1,2,1,0.5
-1,1,-1,3,1,0.5
-1,1,-1,4,1,0.29
-1,1,-1,5,1,0.75
-1,1,-1,6,1,0.5
-1,1,-1,7,1,0.4
-1,1,-1,8,1,0.5
-1,1,-1,9,1,0.75
-1,1,-1,10,1,0.57
-1,1,-1,11,1,0.33
-1,1,-1,0,-1,0.6
-1,1,-1,1,-1,0
-1,1,-1,2,-1,0.5
-1,1,-1,3,-1,0.5
-1,1,-1,4,-1,0
-1,1,-1,5,-1,0.43
-1,1,-1,6,-1,0.4
-1,1,-1,7,-1,0.75
-1,1,-1,8,-1,0.5
-1,1,-1,9,-1,0
-1,1,-1,10,-1,0.4
-1,1,-1,11,-1,0.5
-1,1,1,0,1,0.25
-1,1,1,1,1,0.5
-1,1,1,2,1,0.33
-1,1,1,3,1,0.5
-1,1,1,4,1,0.33
-1,1,1,5,1,0.67
-1,1,1,6,1,0.83
-1,1,1,7,1,0.8
-1,1,1,8,1,0.75
-1,1,1,9,1,1
-1,1,1,10,1,0.67
-1,1,1,11,1,1
-1,1,1,0,-1,1
-1,1,1,1,-1,0
-1,1,1,2,-1,0.5
-1,1,1,3,-1,0.25
-1,1,1,4,-1,0
-1,1,1,5,-1,0
-1,1,1,6,-1,0.4
-1,1,1,7,-1,0.17
-1,1,1,8,-1,0.25
-1,1,1,9,-1,0.29
-1,1,1,10,-1,0.4
-1,1,1,11,-1,0.25
-1,2,-1,0,1,0.4
-1,2,-1,1,1,0.8
-1,2,-1,2,1,0.8
-1,2,-1,3,1,0.6
-1,2,-1,4,1,1
-1,2,-1,5,1,1
-1,2,-1,6,1,0.5
-1,2,-1,7,1,0.57
-1,2,-1,8,1,0.67
-1,2,-1,9,1,1
-1,2,-1,10,1,0.83
-1,2,-1,11,1,1
-1,2,-1,0,-1,1
-1,2,-1,1,-1,0.25
-1,2,-1,2,-1,1
-1,2,-1,3,-1,0.75
-1,2,-1,4,-1,0.5
-1,2,-1,5,-1,0.75
-1,2,-1,6,-1,0.67
-1,2,-1,7,-1,0.75
-1,2,-1,8,-1,1
-1,2,-1,9,-1,0.86
-1,2,-1,10,-1,0.8
-1,2,-1,11,-1,1
-1,2,1,0,1,0.8
-1,2,1,1,1,1
-1,2,1,2,1,1
-1,2,1,3,1,1
-1,2,1,4,1,1
-1,2,1,5,1,1
-1,2,1,6,1,1
-1,2,1,7,1,1
-1,2,1,8,1,1
-1,2,1,9,1,1
-1,2,1,10,1,1
-1,2,1,11,1,1
-1,2,1,0,-1,0.6
-1,2,1,1,-1,0.83
-1,2,1,2,-1,0.14
-1,2,1,3,-1,1
-1,2,1,4,-1,0.75
-1,2,1,5,-1,0.33
-1,2,1,6,-1,0.5
-1,2,1,7,-1,0.5
-1,2,1,8,-1,1
-1,2,1,9,-1,1
-1,2,1,10,-1,1
-1,2,1,11,-1,1
-1,4,-1,0,1,0.6
-1,4,-1,1,1,0.33
-1,4,-1,2,1,0.4
-1,4,-1,3,1,0.5
-1,4,-1,4,1,0.4
-1,4,-1,5,1,0.63
-1,4,-1,6,1,0.33
-1,4,-1,7,1,0.75
-1,4,-1,8,1,0.5
-1,4,-1,9,1,1
-1,4,-1,10,1,0.67
-1,4,-1,11,1,0.8
-1,4,-1,0,-1,0.75
-1,4,-1,1,-1,0.4
-1,4,-1,2,-1,0.6
-1,4,-1,3,-1,0.5
-1,4,-1,4,-1,0.75
-1,4,-1,5,-1,1
-1,4,-1,6,-1,1
-1,4,-1,7,-1,0.63
-1,4,-1,8,-1,0.67
-1,4,-1,9,-1,0.6
-1,4,-1,10,-1,0.86
-1,4,-1,11,-1,0.6
-1,4,1,0,1,0.8
-1,4,1,1,1,0.75
-1,4,1,2,1,0.6
-1,4,1,3,1,0.67
-1,4,1,4,1,0.4
-1,4,1,5,1,1
-1,4,1,6,1,0.43
-1,4,1,7,1,0.83
-1,4,1,8,1,1
-1,4,1,9,1,1
-1,4,1,10,1,1
-1,4,1,11,1,1
-1,4,1,0,-1,0.83
-1,4,1,1,-1,0
-1,4,1,2,-1,0.4
-1,4,1,3,-1,0.5
-1,4,1,4,-1,0.33
-1,4,1,5,-1,0.5
-1,4,1,6,-1,0.63
-1,4,1,7,-1,0.5
-1,4,1,8,-1,0.43
-1,4,1,9,-1,0.8
-1,4,1,10,-1,0.67
-1,4,1,11,-1,0.2
-1,7,-1,0,1,0.67
-1,7,-1,1,1,0.5
-1,7,-1,2,1,1
-1,7,-1,3,1,0.75
-1,7,-1,4,1,0.43
-1,7,-1,5,1,0.67
-1,7,-1,6,1,0.25
-1,7,-1,7,1,1
-1,7,-1,8,1,0.67
-1,7,-1,9,1,1
-1,7,-1,10,1,0.33
-1,7,-1,11,1,0.5
-1,7,-1,0,-1,0.33
-1,7,-1,1,-1,0.5
-1,7,-1,2,-1,0.33
-1,7,-1,3,-1,0.67
-1,7,-1,4,-1,0.33
-1,7,-1,5,-1,0.86
-1,7,-1,6,-1,0.75
-1,7,-1,7,-1,0.83
-1,7,-1,8,-1,0.8
-1,7,-1,9,-1,0.5
-1,7,-1,10,-1,0.83
-1,7,-1,11,-1,1
-1,7,1,0,1,0.5
-1,7,1,1,1,1
-1,7,1,2,1,1
-1,7,1,3,1,0.5
-1,7,1,4,1,1
-1,7,1,5,1,1
-1,7,1,6,1,1
-1,7,1,7,1,1
-1,7,1,8,1,1
-1,7,1,9,1,0.8
-1,7,1,10,1,1
-1,7,1,11,1,1
-1,7,1,0,-1,0.71
-1,7,1,1,-1,0.5
-1,7,1,2,-1,0.25
-1,7,1,3,-1,0.57
-1,7,1,4,-1,0.57
-1,7,1,5,-1,0.67
-1,7,1,6,-1,0.5
-1,7,1,7,-1,0.25
-1,7,1,8,-1,0.4
-1,7,1,9,-1,0.5
-1,7,1,10,-1,0.75
-1,7,1,11,-1,0.4
-1,9,-1,0,1,0.8
-1,9,-1,1,1,1
-1,9,-1,2,1,1
-1,9,-1,3,1,0.8
-1,9,-1,4,1,1
-1,9,-1,5,1,1
-1,9,-1,6,1,1
-1,9,-1,7,1,1
-1,9,-1,8,1,1
-1,9,-1,9,1,1
-1,9,-1,10,1,1
-1,9,-1,11,1,1
-1,9,-1,0,-1,0.4
-1,9,-1,1,-1,0.75
-1,9,-1,2,-1,0.57
-1,9,-1,3,-1,1
-1,9,-1,4,-1,1
-1,9,-1,5,-1,1
-1,9,-1,6,-1,0.86
-1,9,-1,7,-1,1
-1,9,-1,8,-1,1
-1,9,-1,9,-1,1
-1,9,-1,10,-1,1
-1,9,-1,11,-1,0.75
-1,9,1,0,1,0.4
-1,9,1,1,1,0.6
-1,9,1,2,1,0.4
-1,9,1,3,1,0.8
-1,9,1,4,1,1
-1,9,1,5,1,1
-1,9,1,6,1,1
-1,9,1,7,1,1
-1,9,1,8,1,1
-1,9,1,9,1,1
-1,9,1,10,1,1
-1,9,1,11,1,1
-1,9,1,0,-1,1
-1,9,1,1,-1,0.67
-1,9,1,2,-1,0.67
-1,9,1,3,-1,1
-1,9,1,4,-1,1
-1,9,1,5,-1,1
-1,9,1,6,-1,1
-1,9,1,7,-1,1
-1,9,1,8,-1,1
-1,9,1,9,-1,1
-1,9,1,10,-1,1
-1,9,1,11,-1,1
-1,13,-1,0,1,0.25
-1,13,-1,1,1,0.5
-1,13,-1,2,1,1
-1,13,-1,3,1,0.6
-1,13,-1,4,1,1
-1,13,-1,5,1,0.75
-1,13,-1,6,1,0.83
-1,13,-1,7,1,0.8
-1,13,-1,8,1,1
-1,13,-1,9,1,1
-1,13,-1,10,1,0.8
-1,13,-1,11,1,1
-1,13,-1,0,-1,0.33
-1,13,-1,1,-1,1
-1,13,-1,2,-1,0.75
-1,13,-1,3,-1,0.67
-1,13,-1,4,-1,0.5
-1,13,-1,5,-1,0.75
-1,13,-1,6,-1,0.83
-1,13,-1,7,-1,1
-1,13,-1,8,-1,0.8
-1,13,-1,9,-1,1
-1,13,-1,10,-1,1
-1,13,-1,11,-1,1
-1,13,1,0,1,0.33
-1,13,1,1,1,0.75
-1,13,1,2,1,0.8
-1,13,1,3,1,1
-1,13,1,4,1,1
-1,13,1,5,1,1
-1,13,1,6,1,1
-1,13,1,7,1,1
-1,13,1,8,1,0.75
-1,13,1,9,1,1
-1,13,1,10,1,1
-1,13,1,11,1,1
-1,13,1,0,-1,0.71
-1,13,1,1,-1,0.67
-1,13,1,2,-1,0.5
-1,13,1,3,-1,0.5
-1,13,1,4,-1,0.75
-1,13,1,5,-1,0.83
-1,13,1,6,-1,1
-1,13,1,7,-1,1
-1,13,1,8,-1,1
-1,13,1,9,-1,1
-1,13,1,10,-1,1
-1,13,1,11,-1,1
-1,16,-1,0,1,0.75
-1,16,-1,1,1,0.8
-1,16,-1,2,1,0.33
-1,16,-1,3,1,0.63
-1,16,-1,4,1,0.75
-1,16,-1,5,1,0.67
-1,16,-1,6,1,0.25
-1,16,-1,7,1,0.33
-1,16,-1,8,1,0.4
-1,16,-1,9,1,0.5
-1,16,-1,10,1,0
-1,16,-1,11,1,0.25
-1,16,-1,0,-1,0.33
-1,16,-1,1,-1,0.57
-1,16,-1,2,-1,0.5
-1,16,-1,3,-1,0.75
-1,16,-1,4,-1,0.5
-1,16,-1,5,-1,0.6
-1,16,-1,6,-1,0.5
-1,16,-1,7,-1,0.71
-1,16,-1,8,-1,0.5
-1,16,-1,9,-1,0.57
-1,16,-1,10,-1,0.6
-1,16,-1,11,-1,0.5
-1,16,1,0,1,1
-1,16,1,1,1,0.6
-1,16,1,2,1,0.71
-1,16,1,3,1,0.5
-1,16,1,4,1,1
-1,16,1,5,1,1
-1,16,1,6,1,1
-1,16,1,7,1,1
-1,16,1,8,1,1
-1,16,1,9,1,1
-1,16,1,10,1,1
-1,16,1,11,1,1
-1,16,1,0,-1,1
-1,16,1,1,-1,1
-1,16,1,2,-1,1
-1,16,1,3,-1,1
-1,16,1,4,-1,1
-1,16,1,5,-1,1
-1,16,1,6,-1,1
-1,16,1,7,-1,1
-1,16,1,8,-1,1
-1,16,1,9,-1,1
-1,16,1,10,-1,1
-1,16,1,11,-1,1
-1,19,-1,0,1,0.75
-1,19,-1,1,1,0.71
-1,19,-1,2,1,1
-1,19,-1,3,1,1
-1,19,-1,4,1,0.33
-1,19,-1,5,1,0.67
-1,19,-1,6,1,0.8
-1,19,-1,7,1,0.33
-1,19,-1,8,1,0.83
-1,19,-1,9,1,0.33
-1,19,-1,10,1,0
-1,19,-1,11,1,0.75
-1,19,-1,0,-1,0.5
-1,19,-1,1,-1,1
-1,19,-1,2,-1,0.71
-1,19,-1,3,-1,0.6
-1,19,-1,4,-1,0.5
-1,19,-1,5,-1,0.8
-1,19,-1,6,-1,0.8
-1,19,-1,7,-1,1
-1,19,-1,8,-1,0.83
-1,19,-1,9,-1,0.8
-1,19,-1,10,-1,0.75
-1,19,-1,11,-1,1
-1,19,1,0,1,0
-1,19,1,1,1,0
-1,19,1,2,1,0
-1,19,1,3,1,0.25
-1,19,1,4,1,0.86
-1,19,1,5,1,1
-1,19,1,6,1,1
-1,19,1,7,1,1
-1,19,1,8,1,1
-1,19,1,9,1,1
-1,19,1,10,1,1
-1,19,1,11,1,1
-1,19,1,0,-1,1
-1,19,1,1,-1,1
-1,19,1,2,-1,1
-1,19,1,3,-1,0.8
-1,19,1,4,-1,1
-1,19,1,5,-1,0.8
-1,19,1,6,-1,1
-1,19,1,7,-1,1
-1,19,1,8,-1,1
-1,19,1,9,-1,1
-1,19,1,10,-1,1
-1,19,1,11,-1,1
-1,48,-1,0,1,0.75
-1,48,-1,1,1,0.67
-1,48,-1,2,1,0.75
-1,48,-1,3,1,1
-1,48,-1,4,1,1
-1,48,-1,5,1,0.57
-1,48,-1,6,1,1
-1,48,-1,7,1,1
-1,48,-1,8,1,1
-1,48,-1,9,1,1
-1,48,-1,10,1,1
-1,48,-1,11,1,1
-1,48,-1,0,-1,0.33
-1,48,-1,1,-1,1
-1,48,-1,2,-1,0.8
-1,48,-1,3,-1,1
-1,48,-1,4,-1,0.83
-1,48,-1,5,-1,0.75
-1,48,-1,6,-1,0.8
-1,48,-1,7,-1,1
-1,48,-1,8,-1,0.5
-1,48,-1,9,-1,0
-1,48,-1,10,-1,0.71
-1,48,-1,11,-1,1
-1,48,1,0,1,0.67
-1,48,1,1,1,0.5
-1,48,1,2,1,1
-1,48,1,3,1,1
-1,48,1,4,1,1
-1,48,1,5,1,1
-1,48,1,6,1,1
-1,48,1,7,1,1
-1,48,1,8,1,1
-1,48,1,9,1,1
-1,48,1,10,1,1
-1,48,1,11,1,1
-1,48,1,0,-1,0.43
-1,48,1,1,-1,0.6
-1,48,1,2,-1,0.4
-1,48,1,3,-1,0.67
-1,48,1,4,-1,0.75
-1,48,1,5,-1,0.33
-1,48,1,6,-1,0.4
-1,48,1,7,-1,0.6
-1,48,1,8,-1,0.75
-1,48,1,9,-1,0.44
-1,48,1,10,-1,0.67
-1,48,1,11,-1,0.25
-1,51,-1,0,1,0.67
-1,51,-1,1,1,0.6
-1,51,-1,2,1,0.83
-1,51,-1,3,1,0.5
-1,51,-1,4,1,1
-1,51,-1,5,1,1
-1,51,-1,6,1,1
-1,51,-1,7,1,0.75
-1,51,-1,8,1,1
-1,51,-1,9,1,1
-1,51,-1,10,1,1
-1,51,-1,11,1,1
-1,51,-1,0,-1,0.43
-1,51,-1,1,-1,0.83
-1,51,-1,2,-1,0.5
-1,51,-1,3,-1,0.8
-1,51,-1,4,-1,0.75
-1,51,-1,5,-1,1
-1,51,-1,6,-1,1
-1,51,-1,7,-1,0.86
-1,51,-1,8,-1,1
-1,51,-1,9,-1,0.8
-1,51,-1,10,-1,1
-1,51,-1,11,-1,0.8
-1,51,1,0,1,0.29
-1,51,1,1,1,1
-1,51,1,2,1,1
-1,51,1,3,1,1
-1,51,1,4,1,1
-1,51,1,5,1,1
-1,51,1,6,1,1
-1,51,1,7,1,1
-1,51,1,8,1,1
-1,51,1,9,1,1
-1,51,1,10,1,1
-1,51,1,11,1,1
-1,51,1,0,-1,0.67
-1,51,1,1,-1,0.25
-1,51,1,2,-1,0.75
-1,51,1,3,-1,1
-1,51,1,4,-1,1
-1,51,1,5,-1,0.86
-1,51,1,6,-1,1
-1,51,1,7,-1,1
-1,51,1,8,-1,0.8
-1,51,1,9,-1,1
-1,51,1,10,-1,1
-1,51,1,11,-1,1
-1,53,-1,0,1,0.33
-1,53,-1,1,1,0.6
-1,53,-1,2,1,0.86
-1,53,-1,3,1,1
-1,53,-1,4,1,0.4
-1,53,-1,5,1,0.78
-1,53,-1,6,1,0.67
-1,53,-1,7,1,1
-1,53,-1,8,1,0.75
-1,53,-1,9,1,1
-1,53,-1,10,1,1
-1,53,-1,11,1,0.86
-1,53,-1,0,-1,0.5
-1,53,-1,1,-1,0.83
-1,53,-1,2,-1,1
-1,53,-1,3,-1,0.8
-1,53,-1,4,-1,0.5
-1,53,-1,5,-1,0.8
-1,53,-1,6,-1,1
-1,53,-1,7,-1,1
-1,53,-1,8,-1,1
-1,53,-1,9,-1,1
-1,53,-1,10,-1,1
-1,53,-1,11,-1,0.75
-1,53,1,0,1,0.43
-1,53,1,1,1,0.6
-1,53,1,2,1,0.67
-1,53,1,3,1,0.2
-1,53,1,4,1,1
-1,53,1,5,1,1
-1,53,1,6,1,1
-1,53,1,7,1,1
-1,53,1,8,1,1
-1,53,1,9,1,1
-1,53,1,10,1,1
-1,53,1,11,1,1
-1,53,1,0,-1,0.67
-1,53,1,1,-1,1
-1,53,1,2,-1,1
-1,53,1,3,-1,1
-1,53,1,4,-1,1
-1,53,1,5,-1,1
-1,53,1,6,-1,1
-1,53,1,7,-1,1
-1,53,1,8,-1,1
-1,53,1,9,-1,1
-1,53,1,10,-1,1
-1,53,1,11,-1,1
-1,3,-1,0,1,0.83
-1,3,-1,1,1,0.67
-1,3,-1,2,1,1
-1,3,-1,3,1,0.5
-1,3,-1,4,1,0.43
-1,3,-1,5,1,0.6
-1,3,-1,6,1,1
-1,3,-1,7,1,1
-1,3,-1,8,1,1
-1,3,-1,9,1,1
-1,3,-1,10,1,1
-1,3,-1,11,1,1
-1,3,-1,0,-1,1
-1,3,-1,1,-1,0.67
-1,3,-1,2,-1,0.71
-1,3,-1,3,-1,0.8
-1,3,-1,4,-1,1
-1,3,-1,5,-1,0.75
-1,3,-1,6,-1,0.5
-1,3,-1,7,-1,0.5
-1,3,-1,8,-1,0.67
-1,3,-1,9,-1,0.4
-1,3,-1,10,-1,0.4
-1,3,-1,11,-1,0.75
-1,3,1,0,1,0.25
-1,3,1,1,1,0.57
-1,3,1,2,1,0.33
-1,3,1,3,1,0.5
-1,3,1,4,1,0
-1,3,1,5,1,0.6
-1,3,1,6,1,0.5
-1,3,1,7,1,0.67
-1,3,1,8,1,0.17
-1,3,1,9,1,0.25
-1,3,1,10,1,1
-1,3,1,11,1,0.6
-1,3,1,0,-1,0.2
-1,3,1,1,-1,0.71
-1,3,1,2,-1,0.33
-1,3,1,3,-1,0.6
-1,3,1,4,-1,0.5
-1,3,1,5,-1,0.5
-1,3,1,6,-1,0.75
-1,3,1,7,-1,0.33
-1,3,1,8,-1,0.25
-1,3,1,9,-1,0.6
-1,3,1,10,-1,0.6
-1,3,1,11,-1,0.5
-1,6,-1,0,1,0.6
-1,6,-1,1,1,0.6
-1,6,-1,2,1,0.67
-1,6,-1,3,1,1
-1,6,-1,4,1,0.75
-1,6,-1,5,1,1
-1,6,-1,6,1,1
-1,6,-1,7,1,1
-1,6,-1,8,1,1
-1,6,-1,9,1,1
-1,6,-1,10,1,1
-1,6,-1,11,1,1
-1,6,-1,0,-1,0.5
-1,6,-1,1,-1,0.8
-1,6,-1,2,-1,0.67
-1,6,-1,3,-1,1
-1,6,-1,4,-1,0.33
-1,6,-1,5,-1,0.88
-1,6,-1,6,-1,0.5
-1,6,-1,7,-1,0.8
-1,6,-1,8,-1,1
-1,6,-1,9,-1,1
-1,6,-1,10,-1,1
-1,6,-1,11,-1,0.67
-1,6,1,0,1,1
-1,6,1,1,1,0.8
-1,6,1,2,1,0.5
-1,6,1,3,1,0.5
-1,6,1,4,1,0.67
-1,6,1,5,1,0.8
-1,6,1,6,1,1
-1,6,1,7,1,1
-1,6,1,8,1,1
-1,6,1,9,1,1
-1,6,1,10,1,1
-1,6,1,11,1,1
-1,6,1,0,-1,0.67
-1,6,1,1,-1,1
-1,6,1,2,-1,1
-1,6,1,3,-1,0.8
-1,6,1,4,-1,1
-1,6,1,5,-1,1
-1,6,1,6,-1,0.83
-1,6,1,7,-1,1
-1,6,1,8,-1,1
-1,6,1,9,-1,1
-1,6,1,10,-1,1
-1,6,1,11,-1,1
-1,8,-1,0,1,0.75
-1,8,-1,1,1,0.29
-1,8,-1,2,1,0.6
-1,8,-1,3,1,1
-1,8,-1,4,1,0.5
-1,8,-1,5,1,0.5
-1,8,-1,6,1,0.8
-1,8,-1,7,1,0.6
-1,8,-1,8,1,0.17
-1,8,-1,9,1,0.5
-1,8,-1,10,1,1
-1,8,-1,11,1,1
-1,8,-1,0,-1,0.43
-1,8,-1,1,-1,0.25
-1,8,-1,2,-1,0.25
-1,8,-1,3,-1,0.8
-1,8,-1,4,-1,0.5
-1,8,-1,5,-1,0.75
-1,8,-1,6,-1,1
-1,8,-1,7,-1,0.71
-1,8,-1,8,-1,0.8
-1,8,-1,9,-1,0.83
-1,8,-1,10,-1,1
-1,8,-1,11,-1,1
-1,8,1,0,1,0
-1,8,1,1,1,0.67
-1,8,1,2,1,0
-1,8,1,3,1,0
-1,8,1,4,1,0.67
-1,8,1,5,1,0
-1,8,1,6,1,0.8
-1,8,1,7,1,0.8
-1,8,1,8,1,0.5
-1,8,1,9,1,0.88
-1,8,1,10,1,1
-1,8,1,11,1,1
-1,8,1,0,-1,0.33
-1,8,1,1,-1,0.33
-1,8,1,2,-1,0
-1,8,1,3,-1,0
-1,8,1,4,-1,0.67
-1,8,1,5,-1,0.67
-1,8,1,6,-1,0.6
-1,8,1,7,-1,0.33
-1,8,1,8,-1,0.4
-1,8,1,9,-1,1
-1,8,1,10,-1,1
-1,8,1,11,-1,1
-1,10,-1,0,1,0.6
-1,10,-1,1,1,0.67
-1,10,-1,2,1,0.8
-1,10,-1,3,1,1
-1,10,-1,4,1,0.71
-1,10,-1,5,1,1
-1,10,-1,6,1,0.2
-1,10,-1,7,1,0.86
-1,10,-1,8,1,0.71
-1,10,-1,9,1,0
-1,10,-1,10,1,0.83
-1,10,-1,11,1,0.6
-1,10,-1,0,-1,0.8
-1,10,-1,1,-1,0.5
-1,10,-1,2,-1,0.67
-1,10,-1,3,-1,0.67
-1,10,-1,4,-1,0.6
-1,10,-1,5,-1,0.6
-1,10,-1,6,-1,0.57
-1,10,-1,7,-1,0.33
-1,10,-1,8,-1,0.67
-1,10,-1,9,-1,0.75
-1,10,-1,10,-1,0.83
-1,10,-1,11,-1,0.5
-1,10,1,0,1,0.6
-1,10,1,1,1,1
-1,10,1,2,1,1
-1,10,1,3,1,1
-1,10,1,4,1,1
-1,10,1,5,1,1
-1,10,1,6,1,1
-1,10,1,7,1,1
-1,10,1,8,1,1
-1,10,1,9,1,1
-1,10,1,10,1,1
-1,10,1,11,1,1
-1,10,1,0,-1,1
-1,10,1,1,-1,1
-1,10,1,2,-1,1
-1,10,1,3,-1,1
-1,10,1,4,-1,1
-1,10,1,5,-1,1
-1,10,1,6,-1,1
-1,10,1,7,-1,1
-1,10,1,8,-1,1
-1,10,1,9,-1,1
-1,10,1,10,-1,1
-1,10,1,11,-1,1
-1,12,-1,0,1,0.6
-1,12,-1,1,1,0.5
-1,12,-1,2,1,0.33
-1,12,-1,3,1,0.63
-1,12,-1,4,1,0.8
-1,12,-1,5,1,0.6
-1,12,-1,6,1,1
-1,12,-1,7,1,0.75
-1,12,-1,8,1,0.8
-1,12,-1,9,1,0.83
-1,12,-1,10,1,1
-1,12,-1,11,1,0.5
-1,12,-1,0,-1,0.5
-1,12,-1,1,-1,0.17
-1,12,-1,2,-1,0.8
-1,12,-1,3,-1,0.67
-1,12,-1,4,-1,0.8
-1,12,-1,5,-1,0.71
-1,12,-1,6,-1,1
-1,12,-1,7,-1,0.5
-1,12,-1,8,-1,0.67
-1,12,-1,9,-1,0.6
-1,12,-1,10,-1,0.57
-1,12,-1,11,-1,0.6
-1,12,1,0,1,0.4
-1,12,1,1,1,0.33
-1,12,1,2,1,0.43
-1,12,1,3,1,1
-1,12,1,4,1,0.2
-1,12,1,5,1,0.6
-1,12,1,6,1,0.75
-1,12,1,7,1,0.67
-1,12,1,8,1,0.2
-1,12,1,9,1,0.75
-1,12,1,10,1,0.2
-1,12,1,11,1,0.83
-1,12,1,0,-1,0.5
-1,12,1,1,-1,0.5
-1,12,1,2,-1,0.4
-1,12,1,3,-1,0.57
-1,12,1,4,-1,0.2
-1,12,1,5,-1,0.33
-1,12,1,6,-1,0.5
-1,12,1,7,-1,0.5
-1,12,1,8,-1,0.86
-1,12,1,9,-1,1
-1,12,1,10,-1,1
-1,12,1,11,-1,1
-1,14,-1,0,1,0.2
-1,14,-1,1,1,0.2
-1,14,-1,2,1,0.83
-1,14,-1,3,1,1
-1,14,-1,4,1,0.5
-1,14,-1,5,1,1
-1,14,-1,6,1,0.57
-1,14,-1,7,1,0.33
-1,14,-1,8,1,0.6
-1,14,-1,9,1,0.57
-1,14,-1,10,1,0.75
-1,14,-1,11,1,0.75
-1,14,-1,0,-1,0.57
-1,14,-1,1,-1,0.6
-1,14,-1,2,-1,1
-1,14,-1,3,-1,1
-1,14,-1,4,-1,0.5
-1,14,-1,5,-1,0.2
-1,14,-1,6,-1,0.4
-1,14,-1,7,-1,0.67
-1,14,-1,8,-1,0.5
-1,14,-1,9,-1,0.4
-1,14,-1,10,-1,0.75
-1,14,-1,11,-1,0.43
-1,14,1,0,1,0.6
-1,14,1,1,1,0.8
-1,14,1,2,1,1
-1,14,1,3,1,1
-1,14,1,4,1,0.75
-1,14,1,5,1,1
-1,14,1,6,1,0.67
-1,14,1,7,1,0.43
-1,14,1,8,1,1
-1,14,1,9,1,1
-1,14,1,10,1,1
-1,14,1,11,1,1
-1,14,1,0,-1,0.67
-1,14,1,1,-1,0.8
-1,14,1,2,-1,0.8
-1,14,1,3,-1,1
-1,14,1,4,-1,0.5
-1,14,1,5,-1,0.4
-1,14,1,6,-1,0.6
-1,14,1,7,-1,0.5
-1,14,1,8,-1,0.67
-1,14,1,9,-1,0.2
-1,14,1,10,-1,0.33
-1,14,1,11,-1,0.33
-1,15,-1,0,1,0.71
-1,15,-1,1,1,0.5
-1,15,-1,2,1,1
-1,15,-1,3,1,1
-1,15,-1,4,1,1
-1,15,-1,5,1,0.71
-1,15,-1,6,1,1
-1,15,-1,7,1,0.57
-1,15,-1,8,1,1
-1,15,-1,9,1,0.86
-1,15,-1,10,1,1
-1,15,-1,11,1,1
-1,15,-1,0,-1,0.33
-1,15,-1,1,-1,0.83
-1,15,-1,2,-1,0.4
-1,15,-1,3,-1,0.67
-1,15,-1,4,-1,1
-1,15,-1,5,-1,0.6
-1,15,-1,6,-1,0.67
-1,15,-1,7,-1,0.5
-1,15,-1,8,-1,0.8
-1,15,-1,9,-1,1
-1,15,-1,10,-1,0.83
-1,15,-1,11,-1,0.75
-1,15,1,0,1,1
-1,15,1,1,1,1
-1,15,1,2,1,1
-1,15,1,3,1,1
-1,15,1,4,1,1
-1,15,1,5,1,1
-1,15,1,6,1,1
-1,15,1,7,1,1
-1,15,1,8,1,1
-1,15,1,9,1,1
-1,15,1,10,1,1
-1,15,1,11,1,1
-1,15,1,0,-1,0.25
-1,15,1,1,-1,0.75
-1,15,1,2,-1,0.6
-1,15,1,3,-1,0.57
-1,15,1,4,-1,0.4
-1,15,1,5,-1,0.6
-1,15,1,6,-1,1
-1,15,1,7,-1,0.33
-1,15,1,8,-1,0.4
-1,15,1,9,-1,0.6
-1,15,1,10,-1,0.75
-1,15,1,11,-1,0.33
-1,17,-1,0,1,0.67
-1,17,-1,1,1,1
-1,17,-1,2,1,0.83
-1,17,-1,3,1,1
-1,17,-1,4,1,1
-1,17,-1,5,1,1
-1,17,-1,6,1,1
-1,17,-1,7,1,0.43
-1,17,-1,8,1,1
-1,17,-1,9,1,1
-1,17,-1,10,1,1
-1,17,-1,11,1,1
-1,17,-1,0,-1,0.67
-1,17,-1,1,-1,0.2
-1,17,-1,2,-1,0.5
-1,17,-1,3,-1,0.4
-1,17,-1,4,-1,0.67
-1,17,-1,5,-1,0.5
-1,17,-1,6,-1,0.67
-1,17,-1,7,-1,0.43
-1,17,-1,8,-1,0.25
-1,17,-1,9,-1,0.67
-1,17,-1,10,-1,0.75
-1,17,-1,11,-1,0.67
-1,17,1,0,1,0.86
-1,17,1,1,1,0.8
-1,17,1,2,1,0.75
-1,17,1,3,1,1
-1,17,1,4,1,0.75
-1,17,1,5,1,1
-1,17,1,6,1,1
-1,17,1,7,1,1
-1,17,1,8,1,1
-1,17,1,9,1,1
-1,17,1,10,1,1
-1,17,1,11,1,1
-1,17,1,0,-1,1
-1,17,1,1,-1,0.8
-1,17,1,2,-1,0.5
-1,17,1,3,-1,0.4
-1,17,1,4,-1,1
-1,17,1,5,-1,0.67
-1,17,1,6,-1,0.57
-1,17,1,7,-1,0.67
-1,17,1,8,-1,0.5
-1,17,1,9,-1,0.5
-1,17,1,10,-1,0.33
-1,17,1,11,-1,0.5
-1,18,-1,0,1,0.75
-1,18,-1,1,1,0.5
-1,18,-1,2,1,0.2
-1,18,-1,3,1,0.43
-1,18,-1,4,1,0.57
-1,18,-1,5,1,0.4
-1,18,-1,6,1,0.75
-1,18,-1,7,1,0.25
-1,18,-1,8,1,0.5
-1,18,-1,9,1,0
-1,18,-1,10,1,0.8
-1,18,-1,11,1,0.6
-1,18,-1,0,-1,0.17
-1,18,-1,1,-1,0.86
-1,18,-1,2,-1,1
-1,18,-1,3,-1,0.33
-1,18,-1,4,-1,0.67
-1,18,-1,5,-1,0.25
-1,18,-1,6,-1,0.4
-1,18,-1,7,-1,0.38
-1,18,-1,8,-1,0.6
-1,18,-1,9,-1,0.4
-1,18,-1,10,-1,0.4
-1,18,-1,11,-1,0.4
-1,18,1,0,1,0.67
-1,18,1,1,1,0.67
-1,18,1,2,1,0.2
-1,18,1,3,1,1
-1,18,1,4,1,0
-1,18,1,5,1,0.2
-1,18,1,6,1,0.5
-1,18,1,7,1,0.17
-1,18,1,8,1,0.5
-1,18,1,9,1,0.5
-1,18,1,10,1,0.6
-1,18,1,11,1,0.8
-1,18,1,0,-1,0.5
-1,18,1,1,-1,0.67
-1,18,1,2,-1,0.5
-1,18,1,3,-1,0.71
-1,18,1,4,-1,0.57
-1,18,1,5,-1,0.17
-1,18,1,6,-1,0.2
-1,18,1,7,-1,1
-1,18,1,8,-1,0.4
-1,18,1,9,-1,0.4
-1,18,1,10,-1,0.4
-1,18,1,11,-1,0.8
-1,20,-1,0,1,0.5
-1,20,-1,1,1,0.86
-1,20,-1,2,1,0.75
-1,20,-1,3,1,0.6
-1,20,-1,4,1,0.5
-1,20,-1,5,1,0.67
-1,20,-1,6,1,0.8
-1,20,-1,7,1,1
-1,20,-1,8,1,1
-1,20,-1,9,1,0.83
-1,20,-1,10,1,1
-1,20,-1,11,1,1
-1,20,-1,0,-1,0.6
-1,20,-1,1,-1,0.67
-1,20,-1,2,-1,0.71
-1,20,-1,3,-1,0.6
-1,20,-1,4,-1,0.67
-1,20,-1,5,-1,0.71
-1,20,-1,6,-1,0.4
-1,20,-1,7,-1,0.8
-1,20,-1,8,-1,0.63
-1,20,-1,9,-1,0.75
-1,20,-1,10,-1,1
-1,20,-1,11,-1,1
-1,20,1,0,1,0.5
-1,20,1,1,1,1
-1,20,1,2,1,1
-1,20,1,3,1,1
-1,20,1,4,1,0.88
-1,20,1,5,1,1
-1,20,1,6,1,1
-1,20,1,7,1,1
-1,20,1,8,1,1
-1,20,1,9,1,1
-1,20,1,10,1,1
-1,20,1,11,1,1
-1,20,1,0,-1,0.4
-1,20,1,1,-1,0.29
-1,20,1,2,-1,0.33
-1,20,1,3,-1,0.8
-1,20,1,4,-1,0.29
-1,20,1,5,-1,1
-1,20,1,6,-1,0.4
-1,20,1,7,-1,0.8
-1,20,1,8,-1,0.5
-1,20,1,9,-1,0.33
-1,20,1,10,-1,0.57
-1,20,1,11,-1,0.6
-1,47,-1,0,1,0.25
-1,47,-1,1,1,0.6
-1,47,-1,2,1,1
-1,47,-1,3,1,0.8
-1,47,-1,4,1,1
-1,47,-1,5,1,0.6
-1,47,-1,6,1,1
-1,47,-1,7,1,1
-1,47,-1,8,1,1
-1,47,-1,9,1,0.67
-1,47,-1,10,1,0.8
-1,47,-1,11,1,1
-1,47,-1,0,-1,0.67
-1,47,-1,1,-1,0.8
-1,47,-1,2,-1,1
-1,47,-1,3,-1,1
-1,47,-1,4,-1,1
-1,47,-1,5,-1,1
-1,47,-1,6,-1,1
-1,47,-1,7,-1,1
-1,47,-1,8,-1,1
-1,47,-1,9,-1,1
-1,47,-1,10,-1,1
-1,47,-1,11,-1,1
-1,47,1,0,1,1
-1,47,1,1,1,1
-1,47,1,2,1,1
-1,47,1,3,1,1
-1,47,1,4,1,1
-1,47,1,5,1,1
-1,47,1,6,1,1
-1,47,1,7,1,1
-1,47,1,8,1,1
-1,47,1,9,1,1
-1,47,1,10,1,1
-1,47,1,11,1,1
-1,47,1,0,-1,0.5
-1,47,1,1,-1,0.6
-1,47,1,2,-1,1
-1,47,1,3,-1,1
-1,47,1,4,-1,1
-1,47,1,5,-1,1
-1,47,1,6,-1,1
-1,47,1,7,-1,1
-1,47,1,8,-1,1
-1,47,1,9,-1,0.67
-1,47,1,10,-1,1
-1,47,1,11,-1,1
-1,49,-1,0,1,0.8
-1,49,-1,1,1,0.5
-1,49,-1,2,1,0.83
-1,49,-1,3,1,0.67
-1,49,-1,4,1,0.6
-1,49,-1,5,1,0.5
-1,49,-1,6,1,0.5
-1,49,-1,7,1,0.6
-1,49,-1,8,1,1
-1,49,-1,9,1,0.88
-1,49,-1,10,1,1
-1,49,-1,11,1,0.67
-1,49,-1,0,-1,0.5
-1,49,-1,1,-1,0.6
-1,49,-1,2,-1,0.43
-1,49,-1,3,-1,0.75
-1,49,-1,4,-1,0.57
-1,49,-1,5,-1,1
-1,49,-1,6,-1,0.6
-1,49,-1,7,-1,1
-1,49,-1,8,-1,0.8
-1,49,-1,9,-1,1
-1,49,-1,10,-1,0.5
-1,49,-1,11,-1,0.83
-1,49,1,0,1,0.2
-1,49,1,1,1,0.75
-1,49,1,2,1,0.75
-1,49,1,3,1,0.43
-1,49,1,4,1,0.8
-1,49,1,5,1,0.83
-1,49,1,6,1,1
-1,49,1,7,1,1
-1,49,1,8,1,1
-1,49,1,9,1,1
-1,49,1,10,1,1
-1,49,1,11,1,1
-1,49,1,0,-1,0.33
-1,49,1,1,-1,0.4
-1,49,1,2,-1,0
-1,49,1,3,-1,0.67
-1,49,1,4,-1,0.67
-1,49,1,5,-1,0.67
-1,49,1,6,-1,0.8
-1,49,1,7,-1,0.67
-1,49,1,8,-1,0.8
-1,49,1,9,-1,0.8
-1,49,1,10,-1,0.83
-1,49,1,11,-1,1
-1,50,-1,0,1,0.67
-1,50,-1,1,1,0.88
-1,50,-1,2,1,1
-1,50,-1,3,1,1
-1,50,-1,4,1,1
-1,50,-1,5,1,1
-1,50,-1,6,1,1
-1,50,-1,7,1,1
-1,50,-1,8,1,1
-1,50,-1,9,1,1
-1,50,-1,10,1,1
-1,50,-1,11,1,1
-1,50,-1,0,-1,0.33
-1,50,-1,1,-1,0.25
-1,50,-1,2,-1,0.86
-1,50,-1,3,-1,0.83
-1,50,-1,4,-1,1
-1,50,-1,5,-1,0.75
-1,50,-1,6,-1,0.86
-1,50,-1,7,-1,1
-1,50,-1,8,-1,0.83
-1,50,-1,9,-1,1
-1,50,-1,10,-1,1
-1,50,-1,11,-1,1
-1,50,1,0,1,1
-1,50,1,1,1,1
-1,50,1,2,1,1
-1,50,1,3,1,1
-1,50,1,4,1,1
-1,50,1,5,1,1
-1,50,1,6,1,1
-1,50,1,7,1,1
-1,50,1,8,1,1
-1,50,1,9,1,1
-1,50,1,10,1,1
-1,50,1,11,1,1
-1,50,1,0,-1,0.71
-1,50,1,1,-1,0.67
-1,50,1,2,-1,0.67
-1,50,1,3,-1,0.5
-1,50,1,4,-1,1
-1,50,1,5,-1,1
-1,50,1,6,-1,1
-1,50,1,7,-1,1
-1,50,1,8,-1,1
-1,50,1,9,-1,1
-1,50,1,10,-1,1
-1,50,1,11,-1,1
1,23,-1,0,1,1
1,23,-1,1,1,1
1,23,-1,2,1,1
1,23,-1,3,1,1
1,23,-1,4,1,1
1,23,-1,5,1,1
1,23,-1,6,1,1
1,23,-1,7,1,1
1,23,-1,8,1,1
1,23,-1,9,1,1
1,23,-1,10,1,1
1,23,-1,11,1,1
1,23,-1,0,-1,0.6
1,23,-1,1,-1,1
1,23,-1,2,-1,0.8
1,23,-1,3,-1,0.75
1,23,-1,4,-1,0.75
1,23,-1,5,-1,0.75
1,23,-1,6,-1,0.33
1,23,-1,7,-1,1
1,23,-1,8,-1,1
1,23,-1,9,-1,1
1,23,-1,10,-1,1
1,23,-1,11,-1,0.75
1,23,1,0,1,1
1,23,1,1,1,1
1,23,1,2,1,1
1,23,1,3,1,1
1,23,1,4,1,1
1,23,1,5,1,1
1,23,1,6,1,1
1,23,1,7,1,1
1,23,1,8,1,1
1,23,1,9,1,1
1,23,1,10,1,0.67
1,23,1,11,1,1
1,23,1,0,-1,0.8
1,23,1,1,-1,0.75
1,23,1,2,-1,0.2
1,23,1,3,-1,0.33
1,23,1,4,-1,0.83
1,23,1,5,-1,0.17
1,23,1,6,-1,0.25
1,23,1,7,-1,0.75
1,23,1,8,-1,0.6
1,23,1,9,-1,0.5
1,23,1,10,-1,0.6
1,23,1,11,-1,0.33
1,24,-1,0,1,0.33
1,24,-1,1,1,1
1,24,-1,2,1,1
1,24,-1,3,1,1
1,24,-1,4,1,0.5
1,24,-1,5,1,0.78
1,24,-1,6,1,1
1,24,-1,7,1,1
1,24,-1,8,1,1
1,24,-1,9,1,1
1,24,-1,10,1,1
1,24,-1,11,1,1
1,24,-1,0,-1,0.75
1,24,-1,1,-1,1
1,24,-1,2,-1,1
1,24,-1,3,-1,0.83
1,24,-1,4,-1,0.86
1,24,-1,5,-1,0.5
1,24,-1,6,-1,1
1,24,-1,7,-1,0.75
1,24,-1,8,-1,1
1,24,-1,9,-1,0.83
1,24,-1,10,-1,1
1,24,-1,11,-1,0.75
1,24,1,0,1,1
1,24,1,1,1,1
1,24,1,2,1,1
1,24,1,3,1,1
1,24,1,4,1,1
1,24,1,5,1,1
1,24,1,6,1,1
1,24,1,7,1,1
1,24,1,8,1,1
1,24,1,9,1,1
1,24,1,10,1,1
1,24,1,11,1,1
1,24,1,0,-1,1
1,24,1,1,-1,1
1,24,1,2,-1,0.8
1,24,1,3,-1,1
1,24,1,4,-1,1
1,24,1,5,-1,0.75
1,24,1,6,-1,1
1,24,1,7,-1,1
1,24,1,8,-1,1
1,24,1,9,-1,1
1,24,1,10,-1,1
1,24,1,11,-1,1
1,25,-1,0,1,0.17
1,25,-1,1,1,1
1,25,-1,2,1,1
1,25,-1,3,1,1
1,25,-1,4,1,0.5
1,25,-1,5,1,0.43
1,25,-1,6,1,0.67
1,25,-1,7,1,1
1,25,-1,8,1,0.17
1,25,-1,9,1,0.75
1,25,-1,10,1,1
1,25,-1,11,1,1
1,25,-1,0,-1,0.67
1,25,-1,1,-1,0.25
1,25,-1,2,-1,0.33
1,25,-1,3,-1,0.5
1,25,-1,4,-1,0.6
1,25,-1,5,-1,0.75
1,25,-1,6,-1,0.63
1,25,-1,7,-1,0.67
1,25,-1,8,-1,0.43
1,25,-1,9,-1,0
1,25,-1,10,-1,0.4
1,25,-1,11,-1,0.4
1,25,1,0,1,1
1,25,1,1,1,1
1,25,1,2,1,1
1,25,1,3,1,1
1,25,1,4,1,1
1,25,1,5,1,1
1,25,1,6,1,1
1,25,1,7,1,1
1,25,1,8,1,1
1,25,1,9,1,1
1,25,1,10,1,1
1,25,1,11,1,1
1,25,1,0,-1,0
1,25,1,1,-1,0.83
1,25,1,2,-1,0.5
1,25,1,3,-1,0.33
1,25,1,4,-1,0.6
1,25,1,5,-1,0.83
1,25,1,6,-1,1
1,25,1,7,-1,0.86
1,25,1,8,-1,1
1,25,1,9,-1,0.86
1,25,1,10,-1,1
1,25,1,11,-1,1
1,26,-1,0,1,0.57
1,26,-1,1,1,1
1,26,-1,2,1,1
1,26,-1,3,1,1
1,26,-1,4,1,1
1,26,-1,5,1,1
1,26,-1,6,1,1
1,26,-1,7,1,1
1,26,-1,8,1,1
1,26,-1,9,1,1
1,26,-1,10,1,1
1,26,-1,11,1,1
1,26,-1,0,-1,0.4
1,26,-1,1,-1,1
1,26,-1,2,-1,1
1,26,-1,3,-1,1
1,26,-1,4,-1,1
1,26,-1,5,-1,1
1,26,-1,6,-1,0.67
1,26,-1,7,-1,1
1,26,-1,8,-1,1
1,26,-1,9,-1,1
1,26,-1,10,-1,1
1,26,-1,11,-1,0.86
1,26,1,0,1,1
1,26,1,1,1,1
1,26,1,2,1,1
1,26,1,3,1,1
1,26,1,4,1,1
1,26,1,5,1,1
1,26,1,6,1,1
1,26,1,7,1,1
1,26,1,8,1,1
1,26,1,9,1,1
1,26,1,10,1,1
1,26,1,11,1,1
1,26,1,0,-1,0.8
1,26,1,1,-1,1
1,26,1,2,-1,1
1,26,1,3,-1,1
1,26,1,4,-1,1
1,26,1,5,-1,1
1,26,1,6,-1,1
1,26,1,7,-1,1
1,26,1,8,-1,1
1,26,1,9,-1,1
1,26,1,10,-1,1
1,26,1,11,-1,1
1,29,-1,0,1,0.5
1,29,-1,1,1,1
1,29,-1,2,1,1
1,29,-1,3,1,1
1,29,-1,4,1,0.75
1,29,-1,5,1,1
1,29,-1,6,1,1
1,29,-1,7,1,0.83
1,29,-1,8,1,1
1,29,-1,9,1,1
1,29,-1,10,1,1
1,29,-1,11,1,1
1,29,-1,0,-1,0.5
1,29,-1,1,-1,1
1,29,-1,2,-1,0.83
1,29,-1,3,-1,0.86
1,29,-1,4,-1,0.8
1,29,-1,5,-1,1
1,29,-1,6,-1,1
1,29,-1,7,-1,1
1,29,-1,8,-1,1
1,29,-1,9,-1,1
1,29,-1,10,-1,1
1,29,-1,11,-1,1
1,29,1,0,1,0.25
1,29,1,1,1,0.33
1,29,1,2,1,0
1,29,1,3,1,0
1,29,1,4,1,0
1,29,1,5,1,0
1,29,1,6,1,0
1,29,1,7,1,0
1,29,1,8,1,0
1,29,1,9,1,0
1,29,1,10,1,0
1,29,1,11,1,0
1,29,1,0,-1,0.67
1,29,1,1,-1,0.43
1,29,1,2,-1,0.5
1,29,1,3,-1,0.33
1,29,1,4,-1,0.2
1,29,1,5,-1,0.83
1,29,1,6,-1,0.5
1,29,1,7,-1,0.4
1,29,1,8,-1,0.67
1,29,1,9,-1,0.17
1,29,1,10,-1,0.43
1,29,1,11,-1,1
1,30,-1,0,1,0.67
1,30,-1,1,1,0.5
1,30,-1,2,1,0.83
1,30,-1,3,1,0.83
1,30,-1,4,1,0.83
1,30,-1,5,1,0.67
1,30,-1,6,1,0.5
1,30,-1,7,1,0.6
1,30,-1,8,1,1
1,30,-1,9,1,1
1,30,-1,10,1,1
1,30,-1,11,1,1
1,30,-1,0,-1,0.25
1,30,-1,1,-1,0.56
1,30,-1,2,-1,0.75
1,30,-1,3,-1,1
1,30,-1,4,-1,0.67
1,30,-1,5,-1,0.67
1,30,-1,6,-1,0.33
1,30,-1,7,-1,0.88
1,30,-1,8,-1,0.67
1,30,-1,9,-1,0.6
1,30,-1,10,-1,1
1,30,-1,11,-1,0.67
1,30,1,0,1,0.5
1,30,1,1,1,0.63
1,30,1,2,1,0.25
1,30,1,3,1,0.5
1,30,1,4,1,1
1,30,1,5,1,0.14
1,30,1,6,1,0.5
1,30,1,7,1,0.6
1,30,1,8,1,0.43
1,30,1,9,1,0.67
1,30,1,10,1,0.5
1,30,1,11,1,0.5
1,30,1,0,-1,0.83
1,30,1,1,-1,1
1,30,1,2,-1,1
1,30,1,3,-1,1
1,30,1,4,-1,0.75
1,30,1,5,-1,0.43
1,30,1,6,-1,0.43
1,30,1,7,-1,0
1,30,1,8,-1,0.75
1,30,1,9,-1,0.6
1,30,1,10,-1,0.43
1,30,1,11,-1,0.25
1,33,-1,0,1,1
1,33,-1,1,1,0.33
1,33,-1,2,1,0.5
1,33,-1,3,1,0.57
1,33,-1,4,1,0.5
1,33,-1,5,1,0.57
1,33,-1,6,1,1
1,33,-1,7,1,1
1,33,-1,8,1,1
1,33,-1,9,1,1
1,33,-1,10,1,1
1,33,-1,11,1,0.75
1,33,-1,0,-1,0.67
1,33,-1,1,-1,0.67
1,33,-1,2,-1,1
1,33,-1,3,-1,1
1,33,-1,4,-1,0.71
1,33,-1,5,-1,0.67
1,33,-1,6,-1,0.8
1,33,-1,7,-1,0.6
1,33,-1,8,-1,1
1,33,-1,9,-1,0.57
1,33,-1,10,-1,0.5
1,33,-1,11,-1,0.5
1,33,1,0,1,0
1,33,1,1,1,0
1,33,1,2,1,0.25
1,33,1,3,1,0.33
1,33,1,4,1,0.5
1,33,1,5,1,0.67
1,33,1,6,1,0.67
1,33,1,7,1,0.2
1,33,1,8,1,0.17
1,33,1,9,1,0.83
1,33,1,10,1,1
1,33,1,11,1,0.83
1,33,1,0,-1,0.29
1,33,1,1,-1,0
1,33,1,2,-1,0
1,33,1,3,-1,0.25
1,33,1,4,-1,0
1,33,1,5,-1,0.29
1,33,1,6,-1,0.4
1,33,1,7,-1,0.6
1,33,1,8,-1,0
1,33,1,9,-1,0.67
1,33,1,10,-1,0.63
1,33,1,11,-1,0.5
1,36,-1,0,1,0.8
1,36,-1,1,1,0.4
1,36,-1,2,1,0.8
1,36,-1,3,1,1
1,36,-1,4,1,1
1,36,-1,5,1,1
1,36,-1,6,1,1
1,36,-1,7,1,1
1,36,-1,8,1,1
1,36,-1,9,1,1
1,36,-1,10,1,1
1,36,-1,11,1,1
1,36,-1,0,-1,0.4
1,36,-1,1,-1,0.8
1,36,-1,2,-1,0.33
1,36,-1,3,-1,0.25
1,36,-1,4,-1,0.67
1,36,-1,5,-1,0.67
1,36,-1,6,-1,1
1,36,-1,7,-1,0.67
1,36,-1,8,-1,1
1,36,-1,9,-1,0.33
1,36,-1,10,-1,1
1,36,-1,11,-1,1
1,36,1,0,1,0
1,36,1,1,1,0.4
1,36,1,2,1,0.6
1,36,1,3,1,0.6
1,36,1,4,1,0.25
1,36,1,5,1,0.5
1,36,1,6,1,0.5
1,36,1,7,1,0.67
1,36,1,8,1,0.25
1,36,1,9,1,0.67
1,36,1,10,1,0.33
1,36,1,11,1,0.57
1,36,1,0,-1,0.8
1,36,1,1,-1,1
1,36,1,2,-1,1
1,36,1,3,-1,1
1,36,1,4,-1,0.29
1,36,1,5,-1,0.5
1,36,1,6,-1,0.6
1,36,1,7,-1,0.75
1,36,1,8,-1,0.67
1,36,1,9,-1,0.75
1,36,1,10,-1,0
1,36,1,11,-1,0.5
1,39,-1,0,1,0.6
1,39,-1,1,1,1
1,39,-1,2,1,0.8
1,39,-1,3,1,0.8
1,39,-1,4,1,1
1,39,-1,5,1,0.75
1,39,-1,6,1,1
1,39,-1,7,1,1
1,39,-1,8,1,1
1,39,-1,9,1,1
1,39,-1,10,1,1
1,39,-1,11,1,0.8
1,39,-1,0,-1,0.67
1,39,-1,1,-1,0.4
1,39,-1,2,-1,0.5
1,39,-1,3,-1,0.33
1,39,-1,4,-1,0.4
1,39,-1,5,-1,1
1,39,-1,6,-1,1
1,39,-1,7,-1,1
1,39,-1,8,-1,1
1,39,-1,9,-1,1
1,39,-1,10,-1,0.75
1,39,-1,11,-1,1
1,39,1,0,1,1
1,39,1,1,1,1
1,39,1,2,1,0.6
1,39,1,3,1,0.8
1,39,1,4,1,1
1,39,1,5,1,1
1,39,1,6,1,1
1,39,1,7,1,1
1,39,1,8,1,1
1,39,1,9,1,0.67
1,39,1,10,1,1
1,39,1,11,1,1
1,39,1,0,-1,0.25
1,39,1,1,-1,0.4
1,39,1,2,-1,0.75
1,39,1,3,-1,0.29
1,39,1,4,-1,0.4
1,39,1,5,-1,0.67
1,39,1,6,-1,0.43
1,39,1,7,-1,1
1,39,1,8,-1,0.67
1,39,1,9,-1,0.83
1,39,1,10,-1,1
1,39,1,11,-1,1
1,40,-1,0,1,0.8
1,40,-1,1,1,0.29
1,40,-1,2,1,0.33
1,40,-1,3,1,1
1,40,-1,4,1,1
1,40,-1,5,1,1
1,40,-1,6,1,1
1,40,-1,7,1,1
1,40,-1,8,1,1
1,40,-1,9,1,1
1,40,-1,10,1,1
1,40,-1,11,1,1
1,40,-1,0,-1,0.6
1,40,-1,1,-1,0.4
1,40,-1,2,-1,0.5
1,40,-1,3,-1,0.75
1,40,-1,4,-1,1
1,40,-1,5,-1,1
1,40,-1,6,-1,1
1,40,-1,7,-1,1
1,40,-1,8,-1,1
1,40,-1,9,-1,1
1,40,-1,10,-1,1
1,40,-1,11,-1,1
1,40,1,0,1,0.8
1,40,1,1,1,1
1,40,1,2,1,1
1,40,1,3,1,1
1,40,1,4,1,1
1,40,1,5,1,1
1,40,1,6,1,1
1,40,1,7,1,1
1,40,1,8,1,1
1,40,1,9,1,1
1,40,1,10,1,1
1,40,1,11,1,1
1,40,1,0,-1,0.8
1,40,1,1,-1,0.4
1,40,1,2,-1,0.75
1,40,1,3,-1,1
1,40,1,4,-1,1
1,40,1,5,-1,1
1,40,1,6,-1,1
1,40,1,7,-1,1
1,40,1,8,-1,1
1,40,1,9,-1,1
1,40,1,10,-1,1
1,40,1,11,-1,1
1,41,-1,0,1,0.75
1,41,-1,1,1,0.75
1,41,-1,2,1,0.6
1,41,-1,3,1,0.86
1,41,-1,4,1,0.67
1,41,-1,5,1,0.43
1,41,-1,6,1,0.57
1,41,-1,7,1,1
1,41,-1,8,1,0.4
1,41,-1,9,1,0.83
1,41,-1,10,1,0.25
1,41,-1,11,1,0.8
1,41,-1,0,-1,0.75
1,41,-1,1,-1,0.8
1,41,-1,2,-1,0.6
1,41,-1,3,-1,0.33
1,41,-1,4,-1,0.5
1,41,-1,5,-1,0.67
1,41,-1,6,-1,0.67
1,41,-1,7,-1,0.8
1,41,-1,8,-1,0.8
1,41,-1,9,-1,0.5
1,41,-1,10,-1,0.5
1,41,-1,11,-1,0.43
1,41,1,0,1,0
1,41,1,1,1,0.17
1,41,1,2,1,0.6
1,41,1,3,1,0.67
1,41,1,4,1,0.71
1,41,1,5,1,1
1,41,1,6,1,0.67
1,41,1,7,1,0.86
1,41,1,8,1,0.8
1,41,1,9,1,0.5
1,41,1,10,1,0.5
1,41,1,11,1,0.6
1,41,1,0,-1,0.5
1,41,1,1,-1,0.8
1,41,1,2,-1,0.4
1,41,1,3,-1,0.25
1,41,1,4,-1,0.5
1,41,1,5,-1,0.43
1,41,1,6,-1,0.5
1,41,1,7,-1,0.6
1,41,1,8,-1,0.6
1,41,1,9,-1,0.33
1,41,1,10,-1,0.5
1,41,1,11,-1,0.67
1,22,-1,0,1,0.75
1,22,-1,1,1,1
1,22,-1,2,1,1
1,22,-1,3,1,1
1,22,-1,4,1,0
1,22,-1,5,1,0.83
1,22,-1,6,1,0.44
1,22,-1,7,1,0.5
1,22,-1,8,1,0.75
1,22,-1,9,1,1
1,22,-1,10,1,0.8
1,22,-1,11,1,1
1,22,-1,0,-1,0
1,22,-1,1,-1,0.83
1,22,-1,2,-1,0.8
1,22,-1,3,-1,0.8
1,22,-1,4,-1,0.5
1,22,-1,5,-1,0.6
1,22,-1,6,-1,0
1,22,-1,7,-1,0.67
1,22,-1,8,-1,0.33
1,22,-1,9,-1,1
1,22,-1,10,-1,0.5
1,22,-1,11,-1,1
1,22,1,0,1,1
1,22,1,1,1,1
1,22,1,2,1,1
1,22,1,3,1,1
1,22,1,4,1,0.86
1,22,1,5,1,1
1,22,1,6,1,1
1,22,1,7,1,1
1,22,1,8,1,1
1,22,1,9,1,1
1,22,1,10,1,1
1,22,1,11,1,1
1,22,1,0,-1,0
1,22,1,1,-1,0.5
1,22,1,2,-1,0.6
1,22,1,3,-1,0.6
1,22,1,4,-1,0.75
1,22,1,5,-1,0.6
1,22,1,6,-1,0.29
1,22,1,7,-1,0.5
1,22,1,8,-1,0.71
1,22,1,9,-1,0.4
1,22,1,10,-1,0.5
1,22,1,11,-1,0.25
1,27,-1,0,1,0.67
1,27,-1,1,1,0.25
1,27,-1,2,1,0.8
1,27,-1,3,1,0.6
1,27,-1,4,1,0.6
1,27,-1,5,1,1
1,27,-1,6,1,1
1,27,-1,7,1,1
1,27,-1,8,1,1
1,27,-1,9,1,1
1,27,-1,10,1,1
1,27,-1,11,1,0.8
1,27,-1,0,-1,1
1,27,-1,1,-1,0.5
1,27,-1,2,-1,0.67
1,27,-1,3,-1,0.67
1,27,-1,4,-1,1
1,27,-1,5,-1,0.6
1,27,-1,6,-1,0.83
1,27,-1,7,-1,0.4
1,27,-1,8,-1,1
1,27,-1,9,-1,0.8
1,27,-1,10,-1,0.75
1,27,-1,11,-1,1
1,27,1,0,1,0.25
1,27,1,1,1,0.33
1,27,1,2,1,0.4
1,27,1,3,1,0.8
1,27,1,4,1,0.6
1,27,1,5,1,1
1,27,1,6,1,1
1,27,1,7,1,1
1,27,1,8,1,0.25
1,27,1,9,1,0.33
1,27,1,10,1,1
1,27,1,11,1,1
1,27,1,0,-1,0.33
1,27,1,1,-1,0.33
1,27,1,2,-1,0.75
1,27,1,3,-1,1
1,27,1,4,-1,0.67
1,27,1,5,-1,1
1,27,1,6,-1,1
1,27,1,7,-1,1
1,27,1,8,-1,1
1,27,1,9,-1,1
1,27,1,10,-1,1
1,27,1,11,-1,1
1,31,-1,0,1,0.8
1,31,-1,1,1,0.75
1,31,-1,2,1,0.6
1,31,-1,3,1,0.83
1,31,-1,4,1,1
1,31,-1,5,1,0.83
1,31,-1,6,1,1
1,31,-1,7,1,1
1,31,-1,8,1,1
1,31,-1,9,1,1
1,31,-1,10,1,1
1,31,-1,11,1,1
1,31,-1,0,-1,0.43
1,31,-1,1,-1,0.5
1,31,-1,2,-1,0.57
1,31,-1,3,-1,0.5
1,31,-1,4,-1,0.25
1,31,-1,5,-1,0.5
1,31,-1,6,-1,0.5
1,31,-1,7,-1,0.5
1,31,-1,8,-1,0.6
1,31,-1,9,-1,0.83
1,31,-1,10,-1,0.83
1,31,-1,11,-1,1
1,31,1,0,1,1
1,31,1,1,1,1
1,31,1,2,1,1
1,31,1,3,1,1
1,31,1,4,1,1
1,31,1,5,1,1
1,31,1,6,1,1
1,31,1,7,1,1
1,31,1,8,1,1
1,31,1,9,1,1
1,31,1,10,1,1
1,31,1,11,1,1
1,31,1,0,-1,0.33
1,31,1,1,-1,1
1,31,1,2,-1,0.67
1,31,1,3,-1,1
1,31,1,4,-1,1
1,31,1,5,-1,1
1,31,1,6,-1,1
1,31,1,7,-1,1
1,31,1,8,-1,1
1,31,1,9,-1,1
1,31,1,10,-1,1
1,31,1,11,-1,1
1,34,-1,0,1,0.5
1,34,-1,1,1,0.6
1,34,-1,2,1,0.83
1,34,-1,3,1,1
1,34,-1,4,1,0.83
1,34,-1,5,1,0.57
1,34,-1,6,1,1
1,34,-1,7,1,0.75
1,34,-1,8,1,0.33
1,34,-1,9,1,1
1,34,-1,10,1,0.67
1,34,-1,11,1,1
1,34,-1,0,-1,0.75
1,34,-1,1,-1,0.4
1,34,-1,2,-1,0.71
1,34,-1,3,-1,1
1,34,-1,4,-1,0.6
1,34,-1,5,-1,0.71
1,34,-1,6,-1,1
1,34,-1,7,-1,0.5
1,34,-1,8,-1,0.67
1,34,-1,9,-1,1
1,34,-1,10,-1,0.8
1,34,-1,11,-1,0.75
1,34,1,0,1,1
1,34,1,1,1,1
1,34,1,2,1,1
1,34,1,3,1,0.8
1,34,1,4,1,1
1,34,1,5,1,0.67
1,34,1,6,1,1
1,34,1,7,1,0.83
1,34,1,8,1,0.86
1,34,1,9,1,1
1,34,1,10,1,0.75
1,34,1,11,1,1
1,34,1,0,-1,1
1,34,1,1,-1,1
1,34,1,2,-1,1
1,34,1,3,-1,1
1,34,1,4,-1,1
1,34,1,5,-1,1
1,34,1,6,-1,1
1,34,1,7,-1,1
1,34,1,8,-1,1
1,34,1,9,-1,1
1,34,1,10,-1,1
1,34,1,11,-1,1
1,35,-1,0,1,0.75
1,35,-1,1,1,0.8
1,35,-1,2,1,0.8
1,35,-1,3,1,0.67
1,35,-1,4,1,0.6
1,35,-1,5,1,0.8
1,35,-1,6,1,0.67
1,35,-1,7,1,1
1,35,-1,8,1,0.57
1,35,-1,9,1,0.5
1,35,-1,10,1,0.2
1,35,-1,11,1,1
1,35,-1,0,-1,0.33
1,35,-1,1,-1,0.5
1,35,-1,2,-1,0.6
1,35,-1,3,-1,0.5
1,35,-1,4,-1,0.75
1,35,-1,5,-1,0.67
1,35,-1,6,-1,0.67
1,35,-1,7,-1,0.86
1,35,-1,8,-1,0.33
1,35,-1,9,-1,0.67
1,35,-1,10,-1,0.4
1,35,-1,11,-1,0.83
1,35,1,0,1,1
1,35,1,1,1,0.6
1,35,1,2,1,0.4
1,35,1,3,1,0.5
1,35,1,4,1,0.4
1,35,1,5,1,0.6
1,35,1,6,1,0.57
1,35,1,7,1,0.33
1,35,1,8,1,1
1,35,1,9,1,0.75
1,35,1,10,1,0.6
1,35,1,11,1,1
1,35,1,0,-1,0.57
1,35,1,1,-1,0.5
1,35,1,2,-1,0.6
1,35,1,3,-1,0.25
1,35,1,4,-1,0.5
1,35,1,5,-1,0.5
1,35,1,6,-1,0.57
1,35,1,7,-1,0.67
1,35,1,8,-1,0.5
1,35,1,9,-1,0.43
1,35,1,10,-1,0.8
1,35,1,11,-1,0.25
1,37,-1,0,1,0.6
1,37,-1,1,1,0.33
1,37,-1,2,1,0.6
1,37,-1,3,1,0.75
1,37,-1,4,1,0.5
1,37,-1,5,1,0.57
1,37,-1,6,1,0.75
1,37,-1,7,1,0.2
1,37,-1,8,1,1
1,37,-1,9,1,0.67
1,37,-1,10,1,0.2
1,37,-1,11,1,0
1,37,-1,0,-1,0.67
1,37,-1,1,-1,0.43
1,37,-1,2,-1,0.6
1,37,-1,3,-1,0.8
1,37,-1,4,-1,0.71
1,37,-1,5,-1,1
1,37,-1,6,-1,1
1,37,-1,7,-1,0.2
1,37,-1,8,-1,0.8
1,37,-1,9,-1,0.8
1,37,-1,10,-1,0.6
1,37,-1,11,-1,1
1,37,1,0,1,0
1,37,1,1,1,0.25
1,37,1,2,1,0.6
1,37,1,3,1,0.33
1,37,1,4,1,0.17
1,37,1,5,1,0.33
1,37,1,6,1,0.83
1,37,1,7,1,0.4
1,37,1,8,1,0.2
1,37,1,9,1,0.5
1,37,1,10,1,0.4
1,37,1,11,1,0.33
1,37,1,0,-1,0.86
1,37,1,1,-1,0
1,37,1,2,-1,0.6
1,37,1,3,-1,0.6
1,37,1,4,-1,0.33
1,37,1,5,-1,0.67
1,37,1,6,-1,0.17
1,37,1,7,-1,0.6
1,37,1,8,-1,0.8
1,37,1,9,-1,1
1,37,1,10,-1,1
1,37,1,11,-1,1
1,42,-1,0,1,0.29
1,42,-1,1,1,0.5
1,42,-1,2,1,0.4
1,42,-1,3,1,0.25
1,42,-1,4,1,0.29
1,42,-1,5,1,1
1,42,-1,6,1,0.43
1,42,-1,7,1,0.5
1,42,-1,8,1,0.5
1,42,-1,9,1,0.5
1,42,-1,10,1,0.5
1,42,-1,11,1,0.5
1,42,-1,0,-1,1
1,42,-1,1,-1,0.4
1,42,-1,2,-1,0.8
1,42,-1,3,-1,0.67
1,42,-1,4,-1,0.5
1,42,-1,5,-1,0.75
1,42,-1,6,-1,0.5
1,42,-1,7,-1,0.5
1,42,-1,8,-1,0.5
1,42,-1,9,-1,0.86
1,42,-1,10,-1,0.8
1,42,-1,11,-1,0.67
1,42,1,0,1,1
1,42,1,1,1,0.67
1,42,1,2,1,0
1,42,1,3,1,0.5
1,42,1,4,1,0
1,42,1,5,1,0.17
1,42,1,6,1,0.33
1,42,1,7,1,0.25
1,42,1,8,1,0.25
1,42,1,9,1,0.33
1,42,1,10,1,0.5
1,42,1,11,1,0.5
1,42,1,0,-1,0
1,42,1,1,-1,0.6
1,42,1,2,-1,0.6
1,42,1,3,-1,0.25
1,42,1,4,-1,0.88
1,42,1,5,-1,0.67
1,42,1,6,-1,0.75
1,42,1,7,-1,0
1,42,1,8,-1,0.25
1,42,1,9,-1,0.67
1,42,1,10,-1,0.8
1,42,1,11,-1,0.25
1,43,-1,0,1,0.75
1,43,-1,1,1,1
1,43,-1,2,1,1
1,43,-1,3,1,1
1,43,-1,4,1,1
1,43,-1,5,1,1
1,43,-1,6,1,0.86
1,43,-1,7,1,1
1,43,-1,8,1,1
1,43,-1,9,1,1
1,43,-1,10,1,1
1,43,-1,11,1,1
1,43,-1,0,-1,0.83
1,43,-1,1,-1,1
1,43,-1,2,-1,1
1,43,-1,3,-1,0.8
1,43,-1,4,-1,1
1,43,-1,5,-1,1
1,43,-1,6,-1,1
1,43,-1,7,-1,1
1,43,-1,8,-1,1
1,43,-1,9,-1,1
1,43,-1,10,-1,1
1,43,-1,11,-1,1
1,43,1,0,1,1
1,43,1,1,1,1
1,43,1,2,1,1
1,43,1,3,1,1
1,43,1,4,1,1
1,43,1,5,1,1
1,43,1,6,1,1
1,43,1,7,1,1
1,43,1,8,1,1
1,43,1,9,1,1
1,43,1,10,1,1
1,43,1,11,1,1
1,43,1,0,-1,1
1,43,1,1,-1,0.25
1,43,1,2,-1,0.67
1,43,1,3,-1,0.6
1,43,1,4,-1,0.5
1,43,1,5,-1,0.33
1,43,1,6,-1,0.5
1,43,1,7,-1,1
1,43,1,8,-1,0.67
1,43,1,9,-1,0.5
1,43,1,10,-1,0.6
1,43,1,11,-1,0.33
1,44,-1,0,1,0.6
1,44,-1,1,1,1
1,44,-1,2,1,0.5
1,44,-1,3,1,0.71
1,44,-1,4,1,0.67
1,44,-1,5,1,0.75
1,44,-1,6,1,1
1,44,-1,7,1,1
1,44,-1,8,1,0.6
1,44,-1,9,1,0.67
1,44,-1,10,1,0.5
1,44,-1,11,1,0.8
1,44,-1,0,-1,0.5
1,44,-1,1,-1,0.6
1,44,-1,2,-1,0.6
1,44,-1,3,-1,0.5
1,44,-1,4,-1,0.33
1,44,-1,5,-1,0.22
1,44,-1,6,-1,0.33
1,44,-1,7,-1,0.2
1,44,-1,8,-1,0.6
1,44,-1,9,-1,0.5
1,44,-1,10,-1,0.4
1,44,-1,11,-1,0.75
1,44,1,0,1,0.8
1,44,1,1,1,0.5
1,44,1,2,1,0.75
1,44,1,3,1,0.33
1,44,1,4,1,0.75
1,44,1,5,1,0
1,44,1,6,1,0.71
1,44,1,7,1,0.29
1,44,1,8,1,0.4
1,44,1,9,1,0.5
1,44,1,10,1,0.67
1,44,1,11,1,0.4
1,44,1,0,-1,0.5
1,44,1,1,-1,0.6
1,44,1,2,-1,0.8
1,44,1,3,-1,0.67
1,44,1,4,-1,0.86
1,44,1,5,-1,0
1,44,1,6,-1,1
1,44,1,7,-1,1
1,44,1,8,-1,1
1,44,1,9,-1,0.75
1,44,1,10,-1,0.8
1,44,1,11,-1,1
1,45,-1,0,1,0.57
1,45,-1,1,1,0.75
1,45,-1,2,1,0.5
1,45,-1,3,1,0.67
1,45,-1,4,1,0.83
1,45,-1,5,1,1
1,45,-1,6,1,0.33
1,45,-1,7,1,0.4
1,45,-1,8,1,0.33
1,45,-1,9,1,0.83
1,45,-1,10,1,1
1,45,-1,11,1,1
1,45,-1,0,-1,0.63
1,45,-1,1,-1,1
1,45,-1,2,-1,1
1,45,-1,3,-1,0.6
1,45,-1,4,-1,0.86
1,45,-1,5,-1,0.86
1,45,-1,6,-1,0.67
1,45,-1,7,-1,1
1,45,-1,8,-1,1
1,45,-1,9,-1,1
1,45,-1,10,-1,1
1,45,-1,11,-1,1
1,45,1,0,1,0.33
1,45,1,1,1,0.5
1,45,1,2,1,0.5
1,45,1,3,1,0.57
1,45,1,4,1,0.5
1,45,1,5,1,0.25
1,45,1,6,1,0.43
1,45,1,7,1,0.8
1,45,1,8,1,0.29
1,45,1,9,1,0.25
1,45,1,10,1,0.86
1,45,1,11,1,0.5
1,45,1,0,-1,1
1,45,1,1,-1,0.43
1,45,1,2,-1,0.83
1,45,1,3,-1,0
1,45,1,4,-1,0.33
1,45,1,5,-1,1
1,45,1,6,-1,0.29
1,45,1,7,-1,0.71
1,45,1,8,-1,1
1,45,1,9,-1,1
1,45,1,10,-1,1
1,45,1,11,-1,1
1,46,-1,0,1,0.5
1,46,-1,1,1,0.83
1,46,-1,2,1,1
1,46,-1,3,1,1
1,46,-1,4,1,1
1,46,-1,5,1,1
1,46,-1,6,1,1
1,46,-1,7,1,1
1,46,-1,8,1,1
1,46,-1,9,1,1
1,46,-1,10,1,1
1,46,-1,11,1,1
1,46,-1,0,-1,0.33
1,46,-1,1,-1,0.83
1,46,-1,2,-1,1
1,46,-1,3,-1,0.71
1,46,-1,4,-1,1
1,46,-1,5,-1,1
1,46,-1,6,-1,1
1,46,-1,7,-1,0.86
1,46,-1,8,-1,1
1,46,-1,9,-1,1
1,46,-1,10,-1,1
1,46,-1,11,-1,1
1,46,1,0,1,0.17
1,46,1,1,1,1
1,46,1,2,1,1
1,46,1,3,1,1
1,46,1,4,1,1
1,46,1,5,1,1
1,46,1,6,1,1
1,46,1,7,1,1
1,46,1,8,1,1
1,46,1,9,1,1
1,46,1,10,1,1
1,46,1,11,1,1
1,46,1,0,-1,1
1,46,1,1,-1,1
1,46,1,2,-1,1
1,46,1,3,-1,1
1,46,1,4,-1,1
1,46,1,5,-1,1
1,46,1,6,-1,1
1,46,1,7,-1,1
1,46,1,8,-1,1
1,46,1,9,-1,1
1,46,1,10,-1,1
1,46,1,11,-1,1